threshold,val_accuracy,val_precision,val_recall,val_f1,val_fpr,val_fnr,val_tn,val_fp,val_fn,val_tp,test_accuracy,test_precision,test_recall,test_f1,test_fpr,test_fnr,test_tn,test_fp,test_fn,test_tp
0.01,0.9354221955882772,0.9133149467555352,1.0,0.9546937876634167,0.20205357142857142,0.0,8937,2263,0,23843,0.8093207987173882,0.7427700676705281,1.0,0.8524016810356985,0.4242972972972973,0.0,21301,15699,0,45332
0.02,0.9361641411979568,0.9142254601226993,1.0,0.9551909941309616,0.19973214285714286,0.0,8963,2237,0,23843,0.809575863576738,0.7430416680326525,0.9999558810553252,0.8525644642554873,0.42367567567567566,4.4118944674843376e-05,21324,15676,2,45330
0.03,0.9368490140684302,0.915067546822229,1.0,0.9556504138359486,0.19758928571428572,0.0,8987,2213,0,23843,0.810085993295438,0.743553572600223,0.9999558810553252,0.8529013321291488,0.4225405405405405,4.4118944674843376e-05,21366,15634,2,45330
0.04,0.9379619324829496,0.9164392512587923,1.0,0.956397914159647,0.19410714285714287,0.0,9026,2174,0,23843,0.8104746635573046,0.7439761013722014,0.9998676431659754,0.8531471163981328,0.4215675675675676,0.00013235683402453013,21402,15598,6,45326
0.05,0.9390177781582627,0.9178087465352633,0.9999161179381789,0.9571047190830807,0.190625,8.388206182107957e-05,9065,2135,2,23841,0.8109969392216878,0.7445256673511293,0.9998014647489633,0.853484233619253,0.4203243243243243,0.0001985352510367952,21448,15552,9,45323
0.06,0.9396741146591331,0.9187512044709963,0.9997483538145367,0.9575399694705552,0.18821428571428572,0.0002516461854632387,9092,2108,6,23837,0.8113734635378711,0.7449452608738535,0.9996911673872761,0.8537196465911874,0.4193513513513514,0.00030883261272390367,21484,15516,14,45318
0.07,0.9404160602688126,0.9197376037044183,0.9996644717527157,0.9580368985891716,0.18571428571428572,0.00033552824728431827,9120,2080,8,23835,0.811701404071321,0.7453244510239329,0.9995588105532516,0.8539203030331584,0.41845945945945945,0.0004411894467484338,21517,15483,20,45312
0.08,0.9415004423137289,0.9211533258609361,0.9995805896908946,0.9587657896854132,0.18214285714285713,0.0004194103091053978,9160,2040,10,23833,0.8119686148763543,0.7457074656350317,0.9992499779405276,0.8540588440472487,0.4174864864864865,0.0007500220594723375,21553,15447,34,45298
0.09,0.9420140969665839,0.9218925296916709,0.999454766598163,0.9591081059325445,0.18026785714285715,0.0005452334018370171,9181,2019,13,23830,0.8124301608123209,0.7461904683458808,0.9992058589958528,0.8543594096288961,0.4164054054054054,0.0007941410041471808,21593,15407,36,45296
0.1,0.9428701880546757,0.9230292465620763,0.9993708845363419,0.9596842402029885,0.17741071428571428,0.0006291154636580967,9213,1987,15,23828,0.8129524364767041,0.7467845128949278,0.9990293832171534,0.854684079414207,0.41502702702702704,0.0009706167828465543,21644,15356,44,45288
0.11,0.9440972519476072,0.9246022506790842,0.9993289435054313,0.9605143813113498,0.17348214285714286,0.0006710564945686365,9257,1943,16,23827,0.8138269445659039,0.7477049072056007,0.9989411453278038,0.8552542116793835,0.412972972972973,0.001058854672196241,21720,15280,48,45284
0.12,0.9449818794053021,0.925848198670864,0.9991611793817892,0.961108645661032,0.17035714285714285,0.0008388206182107956,9292,1908,20,23823,0.8147257445464704,0.7486771611879093,0.9987867290214418,0.8558332073189173,0.4107837837837838,0.0012132709785581928,21801,15199,55,45277
0.13,0.9456096795365694,0.9270058784599213,0.9986998280417733,0.9615182717544922,0.16741071428571427,0.0013001719582267331,9325,1875,31,23812,0.8154666472331535,0.7495322150651588,0.9985220153533928,0.8562942784446147,0.40881081081081083,0.001477984646607253,21874,15126,67,45265
0.14,0.9466084524726764,0.9283708960461671,0.9985740049490417,0.9621936187839722,0.16401785714285713,0.0014259950509583526,9363,1837,34,23809,0.8164626147791867,0.7506011907723436,0.9983896585193682,0.8569426956612294,0.40643243243243243,0.0016103414806317832,21962,15038,73,45259
0.15,0.9475216162999743,0.9296313651983755,0.99844818185631,0.9628116721603203,0.16089285714285714,0.001551818143689972,9398,1802,37,23806,0.8175557498906865,0.7517734031065703,0.9982573016853437,0.8576572820226104,0.40383783783783783,0.0017426983146563134,22058,14942,79,45253
0.16,0.9484347801272722,0.9309629977313619,0.9982384767017574,0.9634277155983728,0.1575892857142857,0.0017615232982426709,9435,1765,42,23801,0.818563863382403,0.7528955601411169,0.9980367069619694,0.8583055091819699,0.4013243243243243,0.00196329303803053,22151,14849,89,45243
0.17,0.9494335530633793,0.9325102880658436,0.997902948454473,0.9640990315652984,0.15375,0.002097051545526989,9478,1722,50,23793,0.820142836321236,0.754595802889267,0.99786023118327,0.8593438325196148,0.3975945945945946,0.002139768816729904,22289,14711,97,45235
0.18,0.9501754986730588,0.9337678143771347,0.9975254791762782,0.9645942328750456,0.150625,0.0024745208237218473,9513,1687,59,23784,0.8214424525093523,0.7560306925893111,0.9976396364598958,0.8601915340795617,0.3944324324324324,0.0023603635401041206,22406,14594,107,45225
0.19,0.9510030533915476,0.9351400251730648,0.9971480098980833,0.96514908559482,0.14723214285714287,0.002851990101916705,9551,1649,68,23775,0.8224870038381188,0.7572311454268343,0.9973528633195095,0.860861203933777,0.39175675675675675,0.0026471366804906027,22505,14495,120,45212
0.2,0.952173044545273,0.9369259273859739,0.9968124816507989,0.9659418817313554,0.14285714285714285,0.0031875183492010234,9600,1600,76,23767,0.8237137443521353,0.7586183746769158,0.9970881496514603,0.8616581199839869,0.3887027027027027,0.002911850348539663,22618,14382,132,45200
0.21,0.9531432811117769,0.9385296092916683,0.9963930713416935,0.9665961428920172,0.13892857142857143,0.0036069286583064212,9644,1556,86,23757,0.825098382160035,0.7601601399542457,0.9968675549280861,0.8625691925940064,0.38535135135135135,0.00313244507191388,22742,14258,142,45190
0.22,0.9540564449390748,0.9400308751929699,0.9960156020634987,0.9672137824298457,0.13526785714285713,0.003984397936501279,9685,1515,95,23748,0.8268473983384347,0.7621296983602133,0.9965587223153622,0.8637197919853166,0.3810810810810811,0.0034412776846377835,22900,14100,156,45176
0.23,0.9541991267870902,0.9407404471222451,0.9953864865998406,0.9672922907623648,0.13348214285714285,0.004613513400159376,9705,1495,110,23733,0.8282441820920177,0.7637627479831549,0.996183711285626,0.8646263127159939,0.37751351351351353,0.003816288714373952,23032,13968,173,45159
0.24,0.9549410723967697,0.9421320200174755,0.9948831942289141,0.9677893147834602,0.1300892857142857,0.0051168057710858535,9743,1457,122,23721,0.8299689063790506,0.7657365787465016,0.9958528192005647,0.86576466865477,0.37327027027027027,0.004147180799435278,23189,13811,188,45144
0.25,0.9555117997888308,0.9432686187141948,0.9944218428888982,0.968170032054554,0.12732142857142856,0.005578157111101791,9774,1426,133,23710,0.831450711752417,0.7674699409873982,0.995499867643166,0.8667377296342178,0.36954054054054053,0.004500132356834025,23327,13673,204,45128
0.26,0.9561110635504951,0.9445883994418975,0.9937927274252402,0.9685660562459124,0.12410714285714286,0.006207272574759888,9810,1390,148,23695,0.8329203711801001,0.7692268340097541,0.9950807376687549,0.8676976936541828,0.36575675675675673,0.004919262331245036,23467,13533,223,45109
0.27,0.9569386182689839,0.9460377057037865,0.9933733171161347,0.9691278463143681,0.120625,0.006626682883865286,9849,1351,158,23685,0.8344264684448331,0.7710235628056497,0.9946836671666813,0.8686882308744486,0.3619189189189189,0.005316332833318627,23609,13391,241,45091
0.28,0.9582227549011215,0.9479921527805582,0.9930797298997609,0.9700122900450635,0.11598214285714285,0.006920270100239064,9901,1299,165,23678,0.8359325657095662,0.7727833779057807,0.9943968940262949,0.8696943972835314,0.35821621621621624,0.005603105973705109,23746,13254,254,45078
0.29,0.9587934822931826,0.9490757448173543,0.9927022606215661,0.9703989176335533,0.11339285714285714,0.0072977393784339215,9930,1270,174,23669,0.8373900791915658,0.7745178921315871,0.9940660019412335,0.8706648376065074,0.3545675675675676,0.005933998058766435,23881,13119,269,45063
0.3,0.9590503096196102,0.9501044512293106,0.9919053810342658,0.9705550425772033,0.11089285714285714,0.008094618965734178,9958,1242,193,23650,0.8390419278044988,0.7765040510256852,0.99366893143916,0.8717655938534188,0.3504054054054054,0.006331068560840025,24035,12965,287,45045
0.31,0.9596781097508775,0.9513805039040489,0.9914020886633393,0.9709790712481259,0.10785714285714286,0.008597911336660656,9992,1208,205,23638,0.8406451926346985,0.7784193057668373,0.9933380393540987,0.8728435743361117,0.34643243243243244,0.00666196064590135,24182,12818,302,45030
0.32,0.9600490825557173,0.952534580796064,0.9906471501069496,0.9712171052631579,0.10508928571428572,0.009352849893050371,10023,1177,223,23620,0.8420176844969149,0.7801369269434093,0.9928968499073502,0.8737515408582216,0.34283783783783783,0.007103150092649784,24315,12685,322,45010
0.33,0.960391518990954,0.9532883846743914,0.9903116218596653,0.9714473792479223,0.10330357142857143,0.00968837814033469,10043,1157,231,23612,0.8437667006753146,0.782196805089607,0.9926541957116386,0.8749477450151175,0.33864864864864863,0.0073458042883614225,24470,12530,333,44999
0.34,0.9603344462517478,0.9540546006066734,0.9893469781487229,0.9713803327293691,0.10142857142857142,0.010653021851277105,10064,1136,254,23589,0.8450906087547977,0.783899191299498,0.9921688873202154,0.8758227207228259,0.3351081081081081,0.0078311126797847,24601,12399,355,44977
0.35,0.9606483463173815,0.9548473313355471,0.9889275678396175,0.9715886849207821,0.09955357142857142,0.011072432160382503,10085,1115,264,23579,0.846900354661614,0.7861402066903317,0.9917276978734668,0.8770471814980638,0.33054054054054055,0.008272302126533133,24770,12230,375,44957
0.36,0.9609622463830152,0.9557159657731457,0.988424275468691,0.9717949775267,0.0975,0.01157572453130898,10108,1092,276,23567,0.8485279113831803,0.7882392154798871,0.9911762110650313,0.8781355352518688,0.3262432432432432,0.008823788934968676,24929,12071,400,44932
0.37,0.961333219187855,0.9568131957422605,0.9877532189741224,0.9720370637885135,0.09491071428571428,0.012246781025877616,10137,1063,292,23551,0.8503498032356799,0.79052329572457,0.9907350216182829,0.8793773557198101,0.32164864864864867,0.00926497838171711,25099,11901,420,44912
0.38,0.9617327283622977,0.9579534353630739,0.9870821624795537,0.9722996839561256,0.09223214285714286,0.012917837520446252,10167,1033,308,23535,0.8520866734683963,0.7926420223846344,0.9904703079502338,0.8805820863323462,0.31745945945945947,0.00952969204976617,25254,11746,432,44900
0.39,0.9619324829495192,0.9588616626574795,0.9863691649540746,0.9724209220591276,0.09008928571428572,0.01363083504592543,10191,1009,325,23518,0.8535927707331293,0.7947668650793651,0.9896541074737493,0.8815680880330123,0.31310810810810813,0.010345892526250773,25415,11585,469,44863
0.4,0.9622463830151529,0.9597419565572431,0.9858658725831481,0.972628530050688,0.08803571428571429,0.014134127416851907,10214,986,337,23506,0.8554511004226789,0.7970218739449508,0.9894555722227124,0.8828745485144033,0.30872972972972973,0.010544427777287568,25577,11423,478,44854
0.41,0.9625888194503895,0.9605510587850544,0.9854884033049532,0.9728599523858814,0.08616071428571428,0.014511596695046765,10235,965,346,23497,0.8572244084924452,0.7992975950653379,0.9890364422483015,0.88410155287158,0.30427027027027026,0.010963557751698579,25742,11258,497,44835
0.42,0.9628741831464201,0.9615479115479115,0.9848173468103846,0.9730435323125376,0.08383928571428571,0.0151826531896154,10261,939,362,23481,0.8589855706165282,0.8016710799398841,0.9884187770228536,0.8853038805026476,0.2995945945945946,0.011581222977146387,25915,11085,525,44807
0.43,0.9631880832120537,0.9623979989338582,0.9843559954703687,0.9732531619324072,0.081875,0.01564400452963134,10283,917,373,23470,0.8607831705776612,0.8040722519481452,0.9878672902144181,0.8865440579652762,0.2949189189189189,0.01213270978558193,26088,10912,550,44782
0.44,0.9632166195816568,0.9631211498973306,0.9836010569139789,0.973253377046459,0.08017857142857143,0.016398943086021054,10302,898,391,23452,0.8620827867657775,0.8060604968742681,0.9869849113209213,0.8873947579805432,0.29094594594594597,0.013015088679078796,26235,10765,590,44742
0.45,0.9631024741032446,0.9638009049773756,0.9826783542339471,0.9731480904616535,0.07857142857142857,0.01732164576605293,10320,880,413,23430,0.8635038624107273,0.8080634668208762,0.9863893055678108,0.8883657170103707,0.28705405405405404,0.013610694432189182,26379,10621,617,44715
0.46,0.9630454013640385,0.9645241038318912,0.9817975925848257,0.9730841976181074,0.076875,0.018202407415174263,10339,861,434,23409,0.8649127921099937,0.8099630327631198,0.9859922350657372,0.8893509491026305,0.28343243243243244,0.014007764934262772,26513,10487,635,44697
0.47,0.9632451559512599,0.9654546204960998,0.9810845950593465,0.9732068563820935,0.07473214285714286,0.01891540494065344,10363,837,451,23392,0.8663824515376767,0.8120716298518317,0.985352510367952,0.8903594885236752,0.27937837837837837,0.014647489632048002,26663,10337,664,44668
0.48,0.9631310104728477,0.9659490061572792,0.9803715975338674,0.97310686482661,0.07357142857142857,0.01962840246613262,10376,824,468,23375,0.8683258028470097,0.8147620872802935,0.9847348451425042,0.8917210175687418,0.2742972972972973,0.015265154857495808,26851,10149,692,44640
0.49,0.9629597922552293,0.9667508591776738,0.9792391896992828,0.9729549527024212,0.07169642857142858,0.020760810300717192,10397,803,495,23348,0.8702327163192927,0.8173591265479593,0.984249536751081,0.8930744595676541,0.2694594594594595,0.015750463248919086,27030,9970,714,44618
0.5,0.9630739377336415,0.9675305826249222,0.9785681332047141,0.9730180574669502,0.06991071428571428,0.021431866795285828,10417,783,511,23332,0.8720181703347423,0.8199069562179357,0.9836098120532957,0.89432883718598,0.2647027027027027,0.016390187946704316,27206,9794,743,44589
0.51,0.9631310104728477,0.9681933313955903,0.9779390177410561,0.9730417727329633,0.06839285714285714,0.022060982258943925,10434,766,526,23317,0.8741072729922752,0.8227584042533552,0.9831465631342098,0.8958301926613803,0.2594864864864865,0.01685343686579017,27399,9601,764,44568
0.52,0.9628741831464201,0.9687266073359394,0.9769743740301137,0.972833009668191,0.06714285714285714,0.02302562596988634,10448,752,549,23294,0.8757955594422582,0.8253206316257692,0.9823303626577252,0.8970066876158247,0.25472972972972974,0.017669637342274773,27575,9425,801,44531
0.53,0.9629312558856262,0.9695884019330112,0.9761355534119028,0.9728509624427863,0.06517857142857143,0.023864446588097134,10470,730,569,23274,0.877180197250158,0.8274329701387081,0.9816685784876026,0.8979760679621446,0.25083783783783786,0.018331421512397424,27719,9281,831,44501
0.54,0.9629597922552293,0.9702949643289248,0.9754225558864237,0.9728520036810843,0.06357142857142857,0.024577444113576312,10488,712,586,23257,0.8786012728951076,0.8295931501483015,0.9810288537898173,0.8989781582591294,0.2468918918918919,0.018971146210182654,27865,9135,860,44472
0.55,0.9627315012984048,0.9709533163371923,0.9743740301136602,0.9726606656897635,0.06205357142857143,0.025625969886339806,10505,695,611,23232,0.8805567701501239,0.8324405319348193,0.9804111885643696,0.9003869451591338,0.2417837837837838,0.01958881143563046,28054,8946,888,44444
0.56,0.962360528493565,0.9718056137410976,0.9729060940317913,0.9723555425146186,0.06008928571428571,0.0270939059682087,10527,673,646,23197,0.8821964728173736,0.8349280947457468,0.9797494043942468,0.9015599784830554,0.23732432432432432,0.02025059560575311,28219,8781,918,44414
0.57,0.9619895556887252,0.9722653463684807,0.9718575682590278,0.9720614145482004,0.05901785714285714,0.028142431740972192,10539,661,671,23172,0.8835203808968566,0.8370360591430296,0.9790655607517869,0.9024970515271056,0.23354054054054055,0.020934439248213182,28359,8641,949,44383
0.58,0.9619324829495192,0.9729377652645291,0.9710606886717276,0.9719983207388749,0.0575,0.02893931132827245,10556,644,690,23153,0.8850993538356896,0.8394526666414323,0.978447895526339,0.9036365488438424,0.22927027027027028,0.02155210447366099,28517,8483,977,44355
0.59,0.9617327283622977,0.9734870802121034,0.9701799270226062,0.9718306900535658,0.05625,0.029820072977393784,10570,630,711,23132,0.8867147646115726,0.8419083433042751,0.977874349245566,0.904811961014441,0.22497297297297297,0.022125650754433953,28676,8324,1003,44329
0.6,0.9617327283622977,0.9743254637436762,0.9692991653734849,0.9718058154447785,0.054375,0.03070083462651512,10591,609,732,23111,0.8882815916047223,0.8443300933866972,0.9772787434924557,0.9059528435001329,0.22075675675675677,0.02272125650754434,28832,8168,1030,44302
0.61,0.961390291927061,0.9749936639351187,0.9680828754770793,0.9715259801755162,0.05285714285714286,0.031917124522920774,10608,592,761,23082,0.8896783753583054,0.8467808284702956,0.9762860672372717,0.9069336147627488,0.21643243243243243,0.023713932762728315,28992,8008,1075,44257
0.62,0.9613046828182519,0.975834779296627,0.9670762907352263,0.9714357937310415,0.05098214285714286,0.032923709264773726,10629,571,785,23058,0.8912937861341884,0.8493968961278426,0.9755360451777993,0.9081071091215245,0.21191891891891892,0.024463954822200654,29159,7841,1109,44223
0.63,0.9611049282310304,0.976715582322504,0.9658600008388206,0.9712574597752051,0.04901785714285714,0.03413999916117938,10651,549,814,23029,0.8925934023223048,0.851891141242502,0.9743227741992412,0.9090029738935367,0.20754054054054055,0.025677225800758846,29321,7679,1164,44168
0.64,0.960876637274206,0.9774774774774775,0.964727593004236,0.9710606860158312,0.04732142857142857,0.03527240699576396,10670,530,841,23002,0.8943424185007045,0.8547165791970873,0.9735948116121063,0.910290917715971,0.20275675675675675,0.026405188387893762,29498,7502,1197,44135
0.65,0.9603629826213509,0.9779887602179836,0.9634274210460093,0.970653482918172,0.046160714285714284,0.036572578953990686,10683,517,872,22971,0.8960671427877375,0.8577125848685875,0.9725800758845848,0.9115418411123172,0.19767567567567568,0.02741992411541516,29686,7314,1243,44089
0.66,0.9599634734469081,0.9785872717966217,0.9622111311496037,0.97033011187007,0.044821428571428575,0.03778886885039634,10698,502,901,22942,0.8975853859981539,0.860464207564864,0.9715432806847261,0.9126362468399022,0.19302702702702704,0.02845671931527398,29858,7142,1290,44042
0.67,0.9597351824900836,0.979521162890124,0.9609109591913769,0.9701268181144539,0.04276785714285714,0.03908904080862308,10721,479,932,22911,0.8988485643492202,0.8629408764565106,0.9704182475955175,0.9135292285328627,0.18883783783783784,0.029581752404482485,30013,6987,1341,43991
0.68,0.959449818794053,0.9804165238258484,0.9595688462022397,0.9698806672460205,0.040803571428571425,0.04043115379776035,10743,457,964,22879,0.9005854345819365,0.8661462337611134,0.9692270360892967,0.9147919507802497,0.18351351351351353,0.030772963910703256,30210,6790,1395,43937
0.69,0.9586222640755643,0.9810939715550209,0.9576395587803548,0.9692248917565158,0.039285714285714285,0.042360441219645176,10760,440,1010,22833,0.9019943642812029,0.8690794556367742,0.9677931703873643,0.9157838706647323,0.17862162162162162,0.032206829612635664,30391,6609,1460,43872
0.7,0.9580515366835032,0.9818236636947064,0.9560457996057543,0.968763280917977,0.03767857142857143,0.04395420039424569,10778,422,1048,22795,0.9035976291114026,0.8721413928308421,0.966624018353481,0.9169552707297933,0.17362162162162162,0.03337598164651902,30576,6424,1513,43819
0.71,0.9570813001169991,0.9825463342981812,0.9538648659984063,0.9679931900404342,0.036071428571428574,0.04613513400159376,10796,404,1100,22743,0.9052737696157023,0.875202431173401,0.9656534015706344,0.9182057494048181,0.1687027027027027,0.03434659842936557,30758,6242,1557,43775
0.72,0.9562252090289074,0.9832762878558121,0.9518516965147004,0.9673088398261018,0.03446428571428571,0.04814830348529967,10814,386,1148,22695,0.9065733858038186,0.8781242465643334,0.9641312979793524,0.9191201211305519,0.16394594594594594,0.035868702020647666,30934,6066,1626,43706
0.73,0.9549696087663727,0.9837483161691218,0.9495029987837101,0.9663223493255934,0.03339285714285714,0.050497001216289895,10826,374,1204,22639,0.9079215857746684,0.8809615112923083,0.9628739080561193,0.9200982303776389,0.1594054054054054,0.0371260919438807,31102,5898,1683,43649
0.74,0.9542561995262963,0.9843627493684118,0.9478253575472885,0.9657485951154889,0.03205357142857143,0.05217464245271149,10841,359,1244,22599,0.9093548073653015,0.8842929918207465,0.9611312097414629,0.9211124382947686,0.1540810810810811,0.03886879025853702,31299,5701,1762,43570
0.75,0.9532288902205861,0.9849729163026385,0.945686364970851,0.9649299240397988,0.030714285714285715,0.054313635029149016,10856,344,1295,22548,0.9110309478696011,0.8878027875844337,0.9596973440395306,0.9223511952085652,0.1485945945945946,0.040302655960469426,31502,5498,1827,43505
0.76,0.952686699198128,0.9855123210924848,0.9443442519817137,0.9644891839794388,0.02955357142857143,0.05565574801828629,10869,331,1327,22516,0.9124520235145508,0.8909191583610189,0.9583296567546105,0.9233957531829873,0.14375675675675675,0.04167034324538957,31681,5319,1889,43443
0.77,0.9517735353708301,0.9864728358733366,0.942037495281634,0.9637432420835836,0.0275,0.057962504718365976,10892,308,1382,22461,0.9142010396929505,0.8946131001484904,0.956895791052678,0.9247068855254743,0.1381081081081081,0.04310420894732198,31890,5110,1954,43378
0.78,0.9510030533915476,0.9872709654686399,0.9401082078597492,0.9631125529035168,0.02580357142857143,0.05989179214025081,10911,289,1428,22415,0.9153549045328669,0.897601724602533,0.9552413306273714,0.9255249799625969,0.1335135135135135,0.04475866937262861,32060,4940,2029,43303
0.79,0.9501754986730588,0.9879863963605848,0.9381789204378643,0.9624386885810171,0.024285714285714285,0.06182107956213564,10928,272,1474,22369,0.9167395423407666,0.9011279998331978,0.9533883349510279,0.9265218183572187,0.12816216216216217,0.04661166504897203,32258,4742,2113,43219
0.8,0.9488913620409212,0.9886111849685367,0.9356624585832319,0.9614083475188002,0.022946428571428572,0.06433754141676802,10943,257,1534,22309,0.9184278287907497,0.9049496644295302,0.9518221124150711,0.9277942631058358,0.12248648648648648,0.04817788758492897,32468,4532,2184,43148
0.81,0.947864052735211,0.989287936705485,0.9334815249758839,0.9605748689065838,0.021517857142857144,0.06651847502411609,10959,241,1586,22257,0.9196059855220328,0.9082185713984436,0.949991176211065,0.9286353491681851,0.11762162162162162,0.05000882378893497,32648,4352,2267,43065
0.82,0.946893816168707,0.9898823319664825,0.931468355492178,0.9597873765638842,0.020267857142857143,0.068531644507822,10973,227,1634,22209,0.9211485206238158,0.9122092035999321,0.9480278831730345,0.9297737008351001,0.11178378378378379,0.0519721168269655,32864,4136,2356,42976
0.83,0.9453813885797449,0.990384185339237,0.928742188482993,0.9585732219384442,0.019196428571428573,0.0712578115170071,10985,215,1699,22144,0.9226667638342322,0.91615935063548,0.9461307685520163,0.9309038818409715,0.10608108108108108,0.053869231447983765,33075,3925,2442,42890
0.84,0.9436977427731644,0.9907989228007181,0.9258482573501656,0.9572230774234113,0.01830357142857143,0.07415174264983433,10995,205,1768,22075,0.923504834086382,0.9195399828030955,0.9436380481778875,0.9314331751077821,0.10116216216216216,0.05636195182211241,33257,3743,2555,42777
0.85,0.9423850697714237,0.9913544668587896,0.9233737365264438,0.9561573038587653,0.017142857142857144,0.07662626347355618,11008,192,1827,22016,0.9245008016324151,0.9230952277938822,0.9412997441101209,0.9321086087507372,0.09608108108108109,0.058700255889879115,33445,3555,2661,42671
0.86,0.9409011785520646,0.9918669799385506,0.9206895105481693,0.9549537792278412,0.01607142857142857,0.07931048945183072,11020,180,1891,21952,0.9252538502647816,0.9269244180978119,0.9382114179828819,0.9325337660059638,0.09062162162162161,0.06178858201711815,33647,3353,2801,42531
0.87,0.9391033872670719,0.9924238987433652,0.9175019921989682,0.9534934402650046,0.014910714285714286,0.08249800780103175,11033,167,1967,21876,0.9260554826798815,0.9311390402531201,0.9348363187152563,0.932984016555854,0.0847027027027027,0.06516368128474367,33866,3134,2954,42378
0.88,0.9369060868076363,0.9929808568824066,0.9137272994170197,0.9517069654675316,0.01375,0.08627270058298032,11046,154,2057,21786,0.9264684448331147,0.9349145185578882,0.9312847436689314,0.9330961011404827,0.07943243243243243,0.06871525633106856,34061,2939,3115,42217
0.89,0.934337813543361,0.99340357306459,0.9095331963259657,0.9496201256760012,0.012857142857142857,0.09046680367403431,11056,144,2157,21686,0.9274644123791479,0.9392268892559033,0.9283287743757169,0.9337460338591936,0.0735945945945946,0.07167122562428306,34277,2723,3249,42083
0.9,0.9319692948663071,0.9940599530321867,0.9054229752967328,0.9476733977172959,0.011517857142857142,0.0945770247032672,11071,129,2255,21588,0.9282660447942477,0.9439864864864865,0.9245786640783552,0.934181785762047,0.06721621621621622,0.07542133592164475,34513,2487,3419,41913
0.91,0.9291727306452073,0.9945362781867852,0.900851402927484,0.9453785211267606,0.010535714285714285,0.09914859707251604,11082,118,2364,21479,0.9291769907204975,0.9488035994273638,0.9210712079767052,0.9347317520903525,0.06089189189189189,0.07892879202329481,34747,2253,3578,41754
0.92,0.9263476300545045,0.9950176941702366,0.8962378895273245,0.9430481696418721,0.009553571428571429,0.10376211047267542,11093,107,2474,21369,0.9297478501676141,0.9539902654054551,0.916615194564546,0.9349293492934929,0.054162162162162165,0.08338480543545398,34996,2004,3780,41552
0.93,0.9231230202893588,0.995501616606532,0.8910372016944177,0.9403771246458924,0.008571428571428572,0.10896279830558235,11104,96,2598,21245,0.9296749744935141,0.959022102526003,0.9112106238418777,0.934505226007873,0.0477027027027027,0.0887893761581223,35235,1765,4025,41307
0.94,0.9185857375224724,0.9958423887366531,0.8840330495323575,0.936612677464507,0.007857142857142858,0.1159669504676425,11112,88,2765,21078,0.9295899528737307,0.9641456714175022,0.9058060531192094,0.9340658090786047,0.04127027027027027,0.09419394688079061,35473,1527,4270,41062
0.95,0.9146762548868533,0.9964290815597772,0.8777418948957766,0.9333273870579316,0.006696428571428571,0.12225810510422346,11125,75,2915,20928,0.9288854880240975,0.9694166329758139,0.8992102708903204,0.9329945869239308,0.034756756756756754,0.10078972910967969,35714,1286,4569,40763
0.96,0.9095111719886996,0.9970664614792729,0.8695633938682212,0.928960279588682,0.005446428571428572,0.1304366061317787,11139,61,3110,20733,0.9280352718262644,0.9758954665120885,0.8913129797935233,0.9316884763936127,0.026972972972972974,0.10868702020647666,36002,998,4927,40405
0.97,0.9027480523927746,0.9979531166236172,0.8588264899551231,0.9231774942518371,0.00375,0.1411735100448769,11158,42,3366,20477,0.9257882718748481,0.9829106131494706,0.8805258978205242,0.9289055409462196,0.018756756756756757,0.11947410217947586,36306,694,5416,39916
0.98,0.8936164141197956,0.9988591835722435,0.8446084804764501,0.9152804290519043,0.0020535714285714285,0.15539151952354988,11177,23,3705,20138,0.9214643152115823,0.9897923177739691,0.8662975381628871,0.9239365706757011,0.010945945945945945,0.13370246183711285,36595,405,6061,39271
0.99,0.878320920012556,0.9993369038510584,0.8217086775992954,0.9018596943472657,0.0011607142857142858,0.1782913224007046,11187,13,4251,19592,0.9103143370742846,0.9958189610118114,0.8406423718344658,0.9116746411483253,0.004324324324324324,0.15935762816553428,36840,160,7224,38108
